{"stats":{"minecraft:dropped":{"minecraft:white_wool":1},"minecraft:killed_by":{"minecraft:skeleton":1,"alexsmobs:tarantula_hawk":1},"minecraft:killed":{"minecraft:pig":1,"minecraft:spider":1,"minecraft:sheep":1,"minecraft:chicken":2},"minecraft:crafted":{"minecraft:oak_planks":32,"minecraft:cooked_porkchop":7,"minecraft:crafting_table":1,"minecraft:wooden_pickaxe":1,"minecraft:cooked_chicken":1,"minecraft:furnace":1,"minecraft:stone_axe":1,"minecraft:cooked_mutton":2,"minecraft:bread":18,"minecraft:air":0,"minecraft:iron_axe":2,"minecraft:stick":16,"minecraft:iron_ingot":19,"minecraft:iron_pickaxe":2,"minecraft:stone_pickaxe":2,"minecraft:chest":1,"minecraft:torch":24,"minecraft:stone_hoe":1,"minecraft:wheat":50},"minecraft:picked_up":{"minecraft:crafting_table":1,"minecraft:chicken":2,"minecraft:oak_log":8,"minecraft:dirt":38,"minecraft:string":2,"minecraft:raw_copper":3,"minecraft:wheat_seeds":4,"dynamictrees:oak_seed":5,"minecraft:stick":10,"minecraft:raw_iron":19,"minecraft:cooked_porkchop":1,"minecraft:dandelion":1,"minecraft:porkchop":2,"minecraft:white_bed":2,"minecraft:hay_block":7,"minecraft:mutton":1,"minecraft:coal":54,"minecraft:cobblestone":78,"minecraft:white_wool":1},"minecraft:used":{"minecraft:wheat_seeds":4,"minecraft:cooked_mutton":2,"minecraft:stone_pickaxe":173,"minecraft:chest":1,"minecraft:wooden_pickaxe":45,"dynamictrees:oak_seed":5,"minecraft:cooked_chicken":1,"minecraft:stone_hoe":33,"minecraft:torch":17,"minecraft:dirt":30,"minecraft:crafting_table":2,"minecraft:white_bed":1,"minecraft:melon_seeds":6,"minecraft:stone_axe":23,"minecraft:cobblestone":17,"minecraft:hay_block":1,"minecraft:furnace":1,"minecraft:cooked_porkchop":3,"tombstone:gift":2,"alexsmobs:animal_dictionary":1,"minecraft:dandelion":1},"minecraft:mined":{"minecraft:white_bed":2,"minecraft:dandelion":1,"minecraft:crafting_table":1,"minecraft:grass_block":28,"minecraft:dead_bush":1,"minecraft:copper_ore":1,"minecraft:cobblestone":15,"minecraft:hay_block":7,"minecraft:iron_ore":21,"minecraft:grass":18,"minecraft:coal_ore":78,"minecraft:dirt":10,"minecraft:stone":75},"minecraft:custom":{"minecraft:interact_with_furnace":17,"minecraft:mob_kills":5,"minecraft:interact_with_crafting_table":12,"minecraft:leave_game":2,"minecraft:time_since_death":51990,"minecraft:sleep_in_bed":1,"minecraft:time_since_rest":6032,"minecraft:sprint_one_cm":247370,"minecraft:damage_taken":690,"minecraft:walk_one_cm":113174,"minecraft:drop":1,"minecraft:damage_dealt":468,"minecraft:swim_one_cm":43739,"minecraft:fly_one_cm":73878,"minecraft:open_chest":4,"minecraft:crouch_one_cm":2878,"minecraft:play_time":57747,"minecraft:deaths":2,"minecraft:sneak_time":1511,"minecraft:walk_under_water_one_cm":12548,"minecraft:jump":602,"minecraft:walk_on_water_one_cm":20078,"minecraft:total_world_time":57747,"minecraft:fall_one_cm":6008},"minecraft:broken":{"minecraft:stone_pickaxe":1}},"DataVersion":3120}