{"stats":{"minecraft:dropped":{"minecraft:stone_axe":1,"minecraft:cooked_beef":5,"minecraft:cooked_chicken":2,"minecraft:cooked_mutton":7,"minecraft:white_bed":1},"minecraft:used":{"minecraft:cooked_mutton":5,"minecraft:stone_shovel":32,"minecraft:stone_pickaxe":57,"minecraft:chest":2,"minecraft:wooden_pickaxe":58,"dynamictrees:oak_seed":14,"minecraft:torch":16,"minecraft:dirt":4,"minecraft:crafting_table":4,"minecraft:white_bed":3,"minecraft:wooden_axe":29,"minecraft:stone_axe":27,"minecraft:cobblestone":32,"minecraft:purple_bed":1,"minecraft:furnace":3,"minecraft:egg":1,"minecraft:cooked_beef":7,"minecraft:acacia_planks":1},"minecraft:custom":{"minecraft:interact_with_furnace":19,"minecraft:mob_kills":14,"minecraft:interact_with_crafting_table":10,"minecraft:leave_game":1,"minecraft:time_since_death":53548,"minecraft:sleep_in_bed":2,"minecraft:time_since_rest":17558,"minecraft:sprint_one_cm":380326,"minecraft:damage_taken":340,"minecraft:walk_one_cm":89516,"minecraft:drop":16,"minecraft:damage_dealt":1279,"minecraft:swim_one_cm":9552,"minecraft:fly_one_cm":150832,"minecraft:open_chest":3,"minecraft:play_time":53548,"tombstone:undead_killed":1,"minecraft:sneak_time":8,"minecraft:walk_under_water_one_cm":722,"minecraft:jump":1020,"minecraft:interact_with_blast_furnace":1,"minecraft:walk_on_water_one_cm":7230,"minecraft:total_world_time":53548,"minecraft:fall_one_cm":12757},"minecraft:killed":{"minecraft:skeleton":1,"minecraft:sheep":5,"minecraft:chicken":2,"minecraft:cow":6},"minecraft:mined":{"minecraft:white_bed":3,"minecraft:crafting_table":3,"minecraft:cornflower":1,"minecraft:torch":1,"minecraft:grass_block":39,"minecraft:poppy":1,"minecraft:chest":2,"minecraft:tall_grass":4,"minecraft:cobblestone":3,"dynamictrees:oak_leaves":1,"minecraft:furnace":2,"minecraft:iron_ore":3,"minecraft:grass":29,"minecraft:coal_ore":50,"minecraft:acacia_planks":1,"minecraft:stone":57},"minecraft:picked_up":{"minecraft:crafting_table":3,"minecraft:feather":9,"minecraft:chicken":2,"minecraft:leather":8,"minecraft:golden_shovel":1,"minecraft:oak_log":18,"minecraft:golden_sword":1,"minecraft:dirt":40,"minecraft:cornflower":2,"minecraft:cooked_mutton":5,"minecraft:bone":2,"minecraft:acacia_planks":1,"minecraft:wheat_seeds":13,"minecraft:iron_ingot":3,"minecraft:beef":15,"minecraft:iron_nugget":19,"dynamictrees:oak_seed":14,"minecraft:poppy":11,"minecraft:chest":2,"minecraft:egg":4,"minecraft:furnace":2,"minecraft:stick":40,"minecraft:raw_iron":3,"minecraft:dandelion":3,"minecraft:torch":1,"minecraft:acacia_log":6,"dynamictrees:acacia_seed":10,"minecraft:white_bed":3,"minecraft:stone_axe":1,"minecraft:oak_sapling":2,"minecraft:mutton":8,"minecraft:coal":50,"minecraft:white_wool":6,"minecraft:cobblestone":60},"minecraft:crafted":{"minecraft:cooked_beef":15,"minecraft:red_dye":1,"minecraft:stone_shovel":1,"minecraft:purple_bed":1,"minecraft:crafting_table":1,"minecraft:wooden_pickaxe":1,"minecraft:cooked_chicken":2,"minecraft:furnace":1,"minecraft:stone_axe":1,"minecraft:cooked_mutton":8,"minecraft:air":0,"minecraft:blue_dye":1,"minecraft:purple_dye":2,"minecraft:stone_pickaxe":1,"minecraft:wooden_axe":1,"minecraft:white_bed":2,"minecraft:acacia_planks":24,"minecraft:torch":28}},"DataVersion":3120}