{"stats":{"minecraft:dropped":{"minecraft:feather":1,"minecraft:granite":1,"dynamictrees:spruce_seed":1,"minecraft:stick":2,"minecraft:cobblestone_stairs":6,"minecraft:oxeye_daisy":1,"minecraft:diorite":2,"minecraft:mutton":4,"minecraft:wooden_axe":1,"minecraft:stone_pickaxe":2,"minecraft:bone":1},"minecraft:killed_by":{"minecraft:pillager":1},"minecraft:used":{"minecraft:cooked_mutton":4,"minecraft:stone_sword":261,"minecraft:stone_pickaxe":279,"minecraft:wooden_pickaxe":66,"dynamictrees:oak_seed":2,"minecraft:torch":22,"minecraft:dirt":8,"minecraft:crafting_table":4,"minecraft:crossbow":2,"minecraft:white_bed":3,"minecraft:granite":9,"minecraft:wooden_axe":25,"minecraft:cobblestone":38,"minecraft:furnace":3,"minecraft:cooked_porkchop":8,"minecraft:cooked_beef":5},"minecraft:custom":{"minecraft:interact_with_furnace":19,"minecraft:mob_kills":28,"minecraft:interact_with_crafting_table":20,"minecraft:interact_with_stonecutter":1,"minecraft:leave_game":2,"minecraft:time_since_death":83253,"minecraft:sleep_in_bed":3,"minecraft:climb_one_cm":20,"minecraft:time_since_rest":22981,"minecraft:sprint_one_cm":266965,"minecraft:damage_taken":1591,"minecraft:walk_one_cm":364768,"minecraft:drop":22,"minecraft:damage_dealt":4772,"minecraft:swim_one_cm":1121,"minecraft:talked_to_villager":1,"minecraft:fly_one_cm":121236,"minecraft:open_chest":7,"minecraft:crouch_one_cm":78,"minecraft:play_time":106464,"tombstone:undead_killed":2,"minecraft:deaths":1,"minecraft:sneak_time":11,"minecraft:walk_under_water_one_cm":8103,"tombstone:villager_killed":1,"minecraft:jump":1528,"minecraft:interact_with_blast_furnace":3,"minecraft:walk_on_water_one_cm":15585,"minecraft:total_world_time":106464,"minecraft:fall_one_cm":23379},"minecraft:broken":{"minecraft:stone_pickaxe":2,"minecraft:stone_sword":1,"minecraft:wooden_axe":1,"minecraft:wooden_pickaxe":1},"minecraft:killed":{"minecraft:pig":1,"minecraft:horse":6,"minecraft:sheep":4,"minecraft:skeleton":2,"minecraft:donkey":3,"minecraft:chicken":2,"minecraft:villager":1,"minecraft:cow":9},"minecraft:mined":{"minecraft:white_bed":2,"minecraft:cobblestone_stairs":3,"minecraft:crafting_table":3,"minecraft:glow_lichen":1,"minecraft:torch":2,"minecraft:granite":9,"minecraft:grass_block":12,"minecraft:poppy":1,"minecraft:cobblestone":7,"minecraft:copper_ore":9,"minecraft:tall_grass":11,"minecraft:oak_planks":1,"minecraft:diorite":1,"minecraft:oxeye_daisy":1,"minecraft:wall_torch":6,"minecraft:smooth_stone":8,"minecraft:coarse_dirt":3,"minecraft:furnace":2,"minecraft:iron_ore":2,"minecraft:pumpkin":1,"minecraft:yellow_bed":1,"minecraft:grass":40,"minecraft:coal_ore":40,"minecraft:dirt":19,"minecraft:stone":195},"minecraft:picked_up":{"minecraft:wooden_axe":1,"minecraft:coarse_dirt":3,"minecraft:crafting_table":3,"minecraft:feather":3,"minecraft:chicken":2,"minecraft:leather":14,"dynamictrees:spruce_seed":1,"minecraft:wooden_pickaxe":1,"minecraft:oak_log":51,"minecraft:yellow_bed":1,"minecraft:cobblestone_stairs":6,"minecraft:dirt":33,"minecraft:raw_copper":30,"minecraft:cooked_mutton":2,"minecraft:bone":6,"minecraft:wheat_seeds":6,"minecraft:smooth_stone":8,"minecraft:beef":33,"minecraft:stone_pickaxe":2,"dynamictrees:oak_seed":21,"minecraft:oak_planks":1,"minecraft:furnace":1,"minecraft:raw_iron":2,"minecraft:stick":74,"minecraft:pumpkin":1,"minecraft:torch":8,"minecraft:porkchop":2,"minecraft:diorite":2,"minecraft:white_bed":3,"minecraft:spruce_log":39,"minecraft:arrow":3,"minecraft:crossbow":1,"minecraft:granite":10,"minecraft:gray_wool":1,"minecraft:mutton":11,"minecraft:coal":43,"minecraft:white_wool":5,"minecraft:cobblestone":200,"minecraft:oxeye_daisy":1},"minecraft:crafted":{"minecraft:cooked_beef":5,"minecraft:oak_planks":28,"minecraft:cooked_porkchop":8,"minecraft:crafting_table":1,"minecraft:wooden_pickaxe":1,"minecraft:furnace":2,"minecraft:oak_wood":3,"minecraft:cooked_mutton":2,"minecraft:leather_chestplate":1,"minecraft:stone_pickaxe":3,"minecraft:wooden_axe":1,"minecraft:stone_sword":2,"minecraft:white_bed":1,"minecraft:torch":32}},"DataVersion":3120}