{"stats":{"minecraft:dropped":{"minecraft:gravel":12,"minecraft:baked_potato":2,"minecraft:feather":2,"minecraft:rotten_flesh":1,"minecraft:granite":21,"minecraft:cooked_mutton":1,"minecraft:coal":3,"tombstone:grave_dust":1,"minecraft:wooden_pickaxe":1,"minecraft:dandelion":2,"minecraft:bone":1},"minecraft:killed_by":{"minecraft:skeleton":1},"minecraft:used":{"minecraft:cooked_mutton":5,"minecraft:stone_pickaxe":172,"minecraft:chest":1,"minecraft:wooden_pickaxe":12,"minecraft:composter":5,"minecraft:cooked_salmon":2,"minecraft:cooked_chicken":1,"minecraft:torch":41,"minecraft:dirt":42,"minecraft:crafting_table":7,"minecraft:white_bed":3,"minecraft:dripstone_block":7,"minecraft:oxeye_daisy":1,"minecraft:iron_axe":34,"minecraft:iron_pickaxe":569,"minecraft:stone_axe":66,"minecraft:cobblestone":28,"minecraft:furnace":9,"minecraft:cooked_porkchop":15,"tombstone:gift":2,"minecraft:egg":1,"minecraft:cooked_beef":4,"minecraft:cobbled_deepslate":53},"minecraft:custom":{"minecraft:interact_with_furnace":41,"minecraft:mob_kills":44,"tombstone:raider_killed":7,"minecraft:traded_with_villager":10,"minecraft:interact_with_crafting_table":22,"minecraft:bell_ring":6,"minecraft:interact_with_stonecutter":1,"minecraft:leave_game":2,"minecraft:time_since_death":68408,"minecraft:sleep_in_bed":2,"minecraft:time_since_rest":50541,"minecraft:sprint_one_cm":368419,"minecraft:damage_taken":1769,"minecraft:walk_one_cm":184170,"minecraft:drop":15,"minecraft:damage_dealt":6236,"minecraft:swim_one_cm":27582,"minecraft:talked_to_villager":14,"minecraft:fly_one_cm":407437,"minecraft:open_chest":13,"minecraft:crouch_one_cm":5618,"minecraft:play_time":106404,"tombstone:undead_killed":9,"minecraft:deaths":2,"minecraft:sneak_time":2329,"minecraft:walk_under_water_one_cm":3604,"minecraft:jump":2690,"minecraft:walk_on_water_one_cm":6622,"minecraft:total_world_time":106404,"minecraft:fall_one_cm":62236},"minecraft:broken":{"minecraft:stone_pickaxe":1,"minecraft:iron_pickaxe":2},"minecraft:killed":{"minecraft:pig":9,"minecraft:salmon":2,"alexsmobs:raccoon":1,"minecraft:spider":2,"minecraft:sheep":4,"minecraft:skeleton":6,"minecraft:pillager":7,"minecraft:zombie":3,"minecraft:chicken":2,"minecraft:cow":6},"minecraft:picked_up":{"minecraft:crafting_table":5,"minecraft:feather":2,"minecraft:chicken":2,"minecraft:andesite":9,"minecraft:salmon":2,"minecraft:leather":3,"minecraft:tuff":10,"minecraft:oak_log":24,"minecraft:string":1,"minecraft:lapis_lazuli":12,"minecraft:dirt":42,"minecraft:raw_copper":21,"minecraft:bone":8,"minecraft:wheat_seeds":2,"minecraft:cobbled_deepslate":306,"minecraft:raw_gold":8,"minecraft:beef":20,"dynamictrees:oak_seed":22,"minecraft:egg":1,"minecraft:furnace":6,"minecraft:raw_iron":103,"minecraft:stick":32,"minecraft:composter":5,"minecraft:torch":20,"minecraft:dandelion":2,"minecraft:gravel":12,"minecraft:dripstone_block":7,"minecraft:porkchop":19,"tombstone:grave_dust":1,"minecraft:pointed_dripstone":32,"minecraft:white_bed":2,"minecraft:redstone":5,"minecraft:arrow":7,"minecraft:rotten_flesh":4,"minecraft:diamond":4,"minecraft:hay_block":25,"minecraft:granite":42,"minecraft:coal":49,"minecraft:mutton":6,"minecraft:white_wool":4,"minecraft:cobblestone":197,"minecraft:oxeye_daisy":1},"minecraft:mined":{"minecraft:deepslate_redstone_ore":1,"minecraft:tuff":10,"minecraft:white_bed":2,"minecraft:deepslate_diamond_ore":4,"minecraft:dandelion":1,"minecraft:granite":21,"minecraft:torch":9,"minecraft:crafting_table":5,"minecraft:grass_block":22,"minecraft:copper_ore":7,"minecraft:cobblestone":6,"minecraft:deepslate_gold_ore":8,"minecraft:composter":5,"minecraft:wall_torch":9,"minecraft:spawner":1,"minecraft:hay_block":25,"minecraft:furnace":6,"minecraft:iron_ore":55,"minecraft:cobbled_deepslate":6,"minecraft:andesite":9,"minecraft:deepslate_lapis_ore":2,"minecraft:grass":16,"minecraft:deepslate_iron_ore":49,"minecraft:pointed_dripstone":11,"minecraft:coal_ore":49,"minecraft:gravel":4,"minecraft:dripstone_block":3,"minecraft:dirt":25,"minecraft:stone":187,"minecraft:deepslate":301},"minecraft:crafted":{"minecraft:cooked_beef":20,"minecraft:oak_planks":96,"minecraft:emerald":10,"minecraft:cooked_porkchop":19,"minecraft:crafting_table":3,"minecraft:iron_helmet":1,"minecraft:wooden_pickaxe":1,"minecraft:baked_potato":2,"minecraft:cooked_chicken":1,"minecraft:furnace":4,"minecraft:cooked_salmon":2,"minecraft:stone_axe":1,"minecraft:cooked_mutton":6,"minecraft:iron_boots":1,"minecraft:iron_chestplate":1,"minecraft:diamond_pickaxe":1,"minecraft:iron_axe":1,"minecraft:stick":32,"minecraft:iron_ingot":40,"minecraft:iron_pickaxe":3,"minecraft:stone_pickaxe":2,"minecraft:chest":1,"minecraft:iron_leggings":1,"minecraft:white_bed":1,"minecraft:torch":28,"minecraft:wheat":225}},"DataVersion":3120}