{"stats":{"minecraft:dropped":{"minecraft:cobblestone":4,"minecraft:rotten_flesh":5,"minecraft:oak_planks":1,"minecraft:cooked_mutton":5,"minecraft:white_bed":1,"minecraft:leather_chestplate":1,"minecraft:dirt":3,"minecraft:leather_boots":1,"minecraft:wooden_pickaxe":1,"minecraft:white_wool":3},"minecraft:killed_by":{"minecraft:zombie":1},"minecraft:used":{"minecraft:oak_fence":14,"minecraft:cooked_mutton":12,"minecraft:diorite":2,"minecraft:stone_sword":25,"minecraft:stone_pickaxe":295,"minecraft:oak_planks":5,"minecraft:chest":5,"minecraft:wooden_pickaxe":5,"dynamictrees:oak_seed":3,"minecraft:cooked_chicken":7,"minecraft:oak_door":1,"minecraft:torch":101,"minecraft:dirt":13,"minecraft:crafting_table":7,"minecraft:white_bed":6,"minecraft:oak_fence_gate":1,"minecraft:oak_log":2,"tombstone:bag_of_seeds":2,"minecraft:iron_axe":25,"minecraft:iron_pickaxe":289,"travelersbackpack:white_sleeping_bag":2,"minecraft:stone_axe":136,"minecraft:cobblestone":122,"minecraft:purple_bed":1,"minecraft:furnace":4,"minecraft:cooked_porkchop":3,"tombstone:gift":2,"minecraft:cooked_beef":14},"minecraft:custom":{"minecraft:interact_with_furnace":50,"minecraft:mob_kills":64,"minecraft:interact_with_crafting_table":31,"minecraft:interact_with_stonecutter":2,"minecraft:leave_game":4,"minecraft:time_since_death":146409,"minecraft:sleep_in_bed":8,"minecraft:climb_one_cm":42,"minecraft:time_since_rest":19216,"minecraft:sprint_one_cm":781732,"minecraft:damage_taken":1442,"minecraft:walk_one_cm":449839,"minecraft:drop":18,"minecraft:damage_dealt":8657,"minecraft:swim_one_cm":8881,"minecraft:fly_one_cm":676172,"minecraft:open_chest":34,"minecraft:crouch_one_cm":1459,"minecraft:play_time":154448,"tombstone:undead_killed":16,"minecraft:deaths":1,"minecraft:sneak_time":562,"minecraft:walk_under_water_one_cm":9089,"minecraft:jump":3366,"minecraft:walk_on_water_one_cm":8751,"minecraft:total_world_time":154869,"minecraft:fall_one_cm":83538,"minecraft:horse_one_cm":635787},"minecraft:broken":{"minecraft:stone_pickaxe":1,"minecraft:stone_axe":2,"minecraft:iron_pickaxe":1},"minecraft:killed":{"minecraft:pig":13,"minecraft:spider":5,"minecraft:creeper":5,"minecraft:skeleton":3,"minecraft:sheep":14,"minecraft:zombie":13,"minecraft:chicken":5,"minecraft:cow":5},"minecraft:picked_up":{"minecraft:crafting_table":4,"minecraft:feather":6,"minecraft:cooked_beef":5,"minecraft:chicken":5,"minecraft:glow_ink_sac":3,"minecraft:brown_wool":1,"minecraft:leather":9,"minecraft:flint":3,"minecraft:oak_log":67,"minecraft:lapis_lazuli":7,"minecraft:gunpowder":7,"minecraft:dirt":34,"minecraft:cornflower":1,"minecraft:string":7,"minecraft:raw_copper":8,"minecraft:cooked_mutton":7,"minecraft:bone":4,"minecraft:wheat_seeds":5,"minecraft:cobbled_deepslate":91,"minecraft:raw_gold":1,"minecraft:beef":12,"minecraft:cooked_chicken":2,"tombstone:bag_of_seeds":1,"dynamictrees:oak_seed":29,"minecraft:poppy":9,"minecraft:sugar_cane":6,"minecraft:chest":1,"minecraft:oak_planks":1,"minecraft:egg":4,"minecraft:furnace":2,"minecraft:stick":96,"minecraft:raw_iron":91,"minecraft:oak_fence":2,"minecraft:torch":5,"minecraft:dandelion":2,"minecraft:dripstone_block":18,"minecraft:porkchop":20,"minecraft:pointed_dripstone":4,"tombstone:grave_dust":4,"minecraft:diorite":4,"minecraft:white_bed":7,"minecraft:redstone":46,"minecraft:spider_eye":1,"travelersbackpack:white_sleeping_bag":2,"minecraft:arrow":3,"minecraft:purple_bed":1,"minecraft:rotten_flesh":12,"minecraft:hay_block":27,"minecraft:gray_wool":2,"minecraft:black_wool":1,"minecraft:mutton":19,"minecraft:coal":96,"minecraft:white_wool":9,"minecraft:cobblestone":198},"minecraft:mined":{"minecraft:deepslate_redstone_ore":10,"minecraft:white_bed":6,"minecraft:glow_lichen":1,"minecraft:dandelion":2,"minecraft:powder_snow":12,"minecraft:oak_fence":2,"minecraft:crafting_table":4,"minecraft:cornflower":1,"minecraft:torch":1,"minecraft:grass_block":26,"minecraft:poppy":13,"minecraft:chest":1,"travelersbackpack:white_sleeping_bag":2,"minecraft:cobblestone":4,"minecraft:copper_ore":4,"minecraft:sugar_cane":3,"minecraft:diorite":4,"minecraft:wall_torch":3,"dynamictrees:oak_leaves":3,"minecraft:hay_block":27,"minecraft:purple_bed":1,"minecraft:furnace":2,"minecraft:iron_ore":60,"minecraft:deepslate_lapis_ore":1,"minecraft:grass":122,"minecraft:oak_log":2,"minecraft:coal_ore":98,"minecraft:deepslate_iron_ore":34,"minecraft:dripstone_block":18,"minecraft:dirt":11,"minecraft:stone":199,"minecraft:gold_ore":1,"minecraft:deepslate":84},"minecraft:crafted":{"minecraft:cooked_beef":9,"minecraft:oak_door":3,"minecraft:oak_planks":100,"minecraft:cooked_porkchop":12,"minecraft:iron_helmet":1,"minecraft:crafting_table":3,"minecraft:cooked_chicken":5,"minecraft:wooden_pickaxe":1,"minecraft:iron_sword":1,"minecraft:furnace":3,"minecraft:stone_axe":2,"minecraft:cooked_mutton":19,"minecraft:oak_fence_gate":1,"travelersbackpack:white_sleeping_bag":1,"minecraft:iron_chestplate":1,"minecraft:iron_boots":1,"minecraft:iron_axe":1,"minecraft:iron_ingot":39,"minecraft:iron_pickaxe":2,"minecraft:stone_pickaxe":3,"minecraft:stone_sword":1,"minecraft:chest":5,"minecraft:iron_leggings":1,"minecraft:torch":90,"minecraft:oak_fence":13,"minecraft:wheat":9}},"DataVersion":3120}