{"stats":{"minecraft:killed_by":{"minecraft:zombie":1},"minecraft:dropped":{"minecraft:cooked_porkchop":1,"minecraft:oak_planks":1},"minecraft:crafted":{"minecraft:oak_planks":72,"travelersbackpack:white_sleeping_bag":1,"minecraft:cooked_porkchop":7,"minecraft:crafting_table":3,"minecraft:wooden_pickaxe":1,"minecraft:stone_pickaxe":1,"minecraft:wooden_axe":1,"minecraft:stone_sword":1,"minecraft:birch_planks":20,"minecraft:stone_axe":1,"minecraft:cooked_mutton":3},"minecraft:killed":{"minecraft:sheep":3,"minecraft:pig":6,"minecraft:chicken":3,"alexsmobs:crow":1},"minecraft:used":{"minecraft:cooked_mutton":3,"minecraft:wooden_axe":14,"minecraft:stone_pickaxe":107,"minecraft:oak_planks":55,"travelersbackpack:white_sleeping_bag":2,"minecraft:wooden_pickaxe":20,"minecraft:stone_axe":18,"minecraft:dirt":3,"minecraft:cobblestone":64,"minecraft:crafting_table":4,"minecraft:cooked_porkchop":2},"minecraft:picked_up":{"minecraft:birch_log":5,"minecraft:raw_iron":6,"minecraft:stick":60,"minecraft:crafting_table":2,"minecraft:feather":3,"minecraft:chicken":3,"minecraft:andesite":3,"minecraft:dandelion":3,"minecraft:porkchop":12,"minecraft:oak_log":36,"minecraft:yellow_bed":1,"minecraft:diorite":4,"minecraft:dirt":4,"minecraft:raw_copper":38,"travelersbackpack:white_sleeping_bag":2,"minecraft:bone":1,"minecraft:arrow":1,"minecraft:wheat_seeds":3,"dynamictrees:birch_seed":4,"dynamictrees:oak_seed":14,"minecraft:black_wool":1,"minecraft:oak_planks":1,"minecraft:mutton":4,"minecraft:coal":58,"minecraft:white_wool":3,"minecraft:cobblestone":76,"minecraft:egg":1},"minecraft:mined":{"minecraft:iron_ore":6,"minecraft:andesite":3,"minecraft:dandelion":3,"minecraft:yellow_bed":1,"minecraft:crafting_table":2,"minecraft:cornflower":1,"minecraft:grass":10,"minecraft:coal_ore":34,"minecraft:grass_block":2,"minecraft:poppy":1,"minecraft:dirt":2,"minecraft:tall_grass":1,"minecraft:copper_ore":11,"travelersbackpack:white_sleeping_bag":2,"minecraft:stone":68,"minecraft:diorite":4},"minecraft:custom":{"minecraft:time_since_rest":10141,"minecraft:interact_with_furnace":12,"minecraft:sprint_one_cm":232648,"minecraft:damage_taken":300,"minecraft:walk_one_cm":139071,"minecraft:mob_kills":13,"minecraft:drop":2,"minecraft:damage_dealt":1043,"minecraft:swim_one_cm":29300,"minecraft:interact_with_crafting_table":6,"minecraft:fly_one_cm":256571,"minecraft:open_chest":1,"minecraft:crouch_one_cm":8197,"minecraft:play_time":48345,"minecraft:deaths":1,"minecraft:sneak_time":2440,"minecraft:walk_under_water_one_cm":2579,"minecraft:jump":772,"minecraft:leave_game":3,"minecraft:time_since_death":41937,"minecraft:walk_on_water_one_cm":3904,"minecraft:sleep_in_bed":2,"minecraft:total_world_time":48380,"minecraft:fall_one_cm":19451}},"DataVersion":3120}