{"stats":{"minecraft:dropped":{"minecraft:cobblestone":2,"minecraft:wooden_axe":1,"minecraft:spider_eye":1},"minecraft:killed_by":{"minecraft:skeleton":1,"minecraft:zombie":1},"minecraft:used":{"minecraft:diorite":20,"minecraft:stone_sword":66,"minecraft:stone_pickaxe":393,"minecraft:oak_planks":60,"minecraft:chest":3,"minecraft:wooden_pickaxe":13,"minecraft:iron_sword":42,"minecraft:oak_door":1,"minecraft:torch":109,"minecraft:dirt":10,"minecraft:crafting_table":6,"minecraft:white_bed":1,"minecraft:wooden_axe":10,"minecraft:diamond_pickaxe":12,"minecraft:bread":4,"minecraft:iron_axe":16,"minecraft:iron_pickaxe":461,"minecraft:stone_axe":14,"minecraft:diamond_sword":162,"minecraft:cobblestone":10,"travelersbackpack:standard":1,"minecraft:furnace":4,"minecraft:cooked_porkchop":2,"minecraft:birch_log":5,"minecraft:andesite":19,"alexsmobs:animal_dictionary":1,"minecraft:cobbled_deepslate":130},"minecraft:custom":{"minecraft:interact_with_furnace":41,"minecraft:mob_kills":14,"minecraft:interact_with_crafting_table":26,"minecraft:leave_game":1,"minecraft:time_since_death":61380,"minecraft:time_since_rest":59843,"minecraft:sprint_one_cm":141843,"minecraft:damage_taken":1157,"minecraft:walk_one_cm":395903,"minecraft:drop":3,"minecraft:damage_dealt":2079,"minecraft:swim_one_cm":21727,"minecraft:fly_one_cm":17115,"minecraft:open_chest":11,"minecraft:crouch_one_cm":1353,"minecraft:play_time":107128,"tombstone:undead_killed":5,"minecraft:deaths":3,"minecraft:sneak_time":709,"minecraft:walk_under_water_one_cm":17358,"minecraft:jump":864,"minecraft:walk_on_water_one_cm":33835,"minecraft:total_world_time":107128,"minecraft:fall_one_cm":7911},"minecraft:broken":{"minecraft:stone_pickaxe":3,"minecraft:iron_pickaxe":1},"minecraft:killed":{"minecraft:cave_spider":2,"minecraft:pig":1,"minecraft:spider":2,"minecraft:skeleton":1,"minecraft:zombie":4,"minecraft:chicken":4},"minecraft:mined":{"minecraft:deepslate_redstone_ore":13,"minecraft:tuff":4,"minecraft:deepslate_diamond_ore":10,"minecraft:oak_fence":2,"minecraft:crafting_table":4,"minecraft:torch":3,"minecraft:granite":7,"minecraft:grass_block":7,"minecraft:cobblestone":2,"minecraft:deepslate_gold_ore":26,"minecraft:oak_planks":3,"minecraft:diorite":26,"minecraft:wall_torch":1,"minecraft:spawner":2,"dynamictrees:oak_leaves":1,"minecraft:furnace":1,"minecraft:cobbled_deepslate":12,"minecraft:iron_ore":27,"minecraft:andesite":26,"minecraft:deepslate_lapis_ore":8,"minecraft:grass":4,"minecraft:coal_ore":17,"minecraft:deepslate_iron_ore":24,"minecraft:rail":1,"minecraft:gravel":2,"minecraft:dirt":7,"minecraft:cobweb":127,"minecraft:stone":336,"minecraft:gold_ore":2,"minecraft:deepslate":327},"minecraft:picked_up":{"minecraft:wooden_axe":1,"minecraft:birch_log":37,"minecraft:crafting_table":4,"minecraft:feather":5,"minecraft:chicken":4,"minecraft:andesite":26,"minecraft:tuff":4,"minecraft:oak_log":68,"minecraft:lapis_lazuli":53,"minecraft:string":133,"minecraft:dirt":14,"minecraft:bone":1,"minecraft:wheat_seeds":1,"minecraft:cobbled_deepslate":349,"minecraft:raw_gold":28,"dynamictrees:birch_seed":21,"dynamictrees:oak_seed":34,"minecraft:oak_planks":9,"minecraft:furnace":1,"minecraft:stick":177,"minecraft:raw_iron":51,"minecraft:oak_fence":7,"minecraft:gravel":1,"minecraft:torch":4,"minecraft:porkchop":2,"minecraft:diorite":23,"minecraft:redstone":55,"minecraft:spider_eye":2,"minecraft:rotten_flesh":2,"minecraft:diamond":10,"minecraft:granite":7,"minecraft:coal":26,"minecraft:rail":4,"minecraft:white_wool":2,"minecraft:cobblestone":337},"minecraft:crafted":{"minecraft:wooden_sword":1,"minecraft:oak_door":3,"minecraft:oak_planks":88,"minecraft:diamond_sword":1,"minecraft:cooked_porkchop":2,"minecraft:crafting_table":2,"minecraft:iron_helmet":1,"minecraft:wooden_pickaxe":1,"minecraft:cooked_chicken":4,"minecraft:iron_sword":1,"minecraft:furnace":3,"minecraft:birch_planks":20,"minecraft:stone_axe":1,"minecraft:diamond_pickaxe":1,"minecraft:white_wool":5,"minecraft:iron_chestplate":1,"minecraft:charcoal":20,"minecraft:iron_axe":1,"minecraft:iron_ingot":51,"minecraft:iron_pickaxe":4,"minecraft:stone_pickaxe":3,"minecraft:wooden_axe":1,"minecraft:stone_sword":1,"minecraft:chest":3,"minecraft:iron_leggings":1,"minecraft:white_bed":1,"minecraft:torch":124}},"DataVersion":3120}